操作规程,1902
反洗钱,1852
企业银行,1504
付款代理,1335
保函,1283
协定存款,1122
外汇,1030
国内信用证,785
保密,708
票据池,683
委托贷款,641
固定资产,616
结构性存款,609
保理,599
公司一卡通,573
银团,564
招商银行客户身份识别和客户身份资料及交易记录保存管理办法（第二版）,554
授信,550
固定资产贷款,505
大额存单,500
客户身份识别,490
可视柜台,482
招商银行个人外汇业务操作规程,480
外包,475
招商银行对公智能通知存款业务操作规程（第四版）,472
智能通知,467
档案,452
信用证,451
受益所有人,441
招商银行员工违规违纪行为处理办法,439
智能通知存款,417
代发,415
招商银行对公智能通知存款操作规程（第五版）,412
贴现,407
印章,401
监管账户,384
个人外汇,382
托管,377
银团贷款,368
国内保函,367
问责,363
公司卡,358
招商银行客户身份识别和客户身份资料及交易记录保存管理办法（第三版）,357
身份识别,356
招商银行国内保函业务操作规程,350
招商银行网上“企业银行”运营操作规程,347
监管,343
招商银行正风肃纪十项铁律（第二版）,339
保证金,338
招商银行制度管理规定（第五版）,330
流动资金贷款,322
数字证书,320
房地产,317
机构外汇账户,316
集团网银,301
直接投资,300
核保,299
三方存管,296
资信证明,295
内退,295
外汇账户,289
并购,287
供应链,286
商业汇票,285
福费廷,284
国际结算,278
重组,275
招商银行企业数字证书运营操作规程,271
押品,269
政采贷,266
招商银行固定资产贷款管理办法（第三版）,266
录音录像,263
外汇买卖,259
采购,259
招商银行个人账户业务运营操作规程,258
招商银行保密管理实施细则,257
自助设备,257
银企直联,256
招商银行人民币单位协定存款业务管理办法（第四版）,256
询证函,253
资金监管,249
代销,247
NRA,247
结售汇,242
国内保理,238
招商银行人民币单位定期存款业务运营操作规程,237
招商银行流动资金贷款管理办法（第四版）,234
招商银行付款代理业务管理办法,232
跨境人民币,232
招商银行网上“企业银行”基础服务操作规程,228
同业,228
基金,228
尽职调查,228
对公智能通知存款,227
招商银行“公司一卡通”业务操作规程,223
信用卡中心,222
评级,222
会计综合业务操作规程,221
招商银行员工行为合规手册,220
招商银行国内保理业务管理办法,220
应收账款,218
通知存款,218
承兑,217
招商银行保密管理办法（第二版）,216
招商银行洗钱高风险客户管理工作指引,215
招商银行运营管理基本规定、会计综合业务操作规程（2016版）,213
制度管理,212
应急,208
跨境担保,206
法人按揭,206
银期,205
招商银行网上“企业银行”管理办法,203
档案管理,200
集中采购,199
招商银行国内信用证业务操作规程,197
放款,197
银期转账,196
贵金属,196
开户,196
招商银行印章管理办法（第十版）,195
招商银行行内银团贷款管理办法（第二版）,190
征信,189
招商银行单位客户受益所有人身份识别指引（第二版）,188
十项铁律,187
招商银行协助查询、冻结、扣划客户存款管理办法（第二版）,185
经营主责任人,183
招商银行问责管理办法,181
保管箱,177
招商银行反洗钱与制裁合规管理办法,176
招商银行个人理财产品销售管理办法（第三版）,175
有权机关,173
员工行为,173
查冻扣,173
招商银行正风肃纪十项铁律第二版,169
账户,169
托管账户,169
招商银行个人理财业务运营操作规程,168
运营管理基本规定,167
个人理财,167
招商银行票据池业务操作规程,163
增值税,162
招商银行个人支付结算业务运营操作规程,162
招商银行机构外汇账户业务运营操作规程,162
授权,162
私募,162
印章管理,156
招商银行大额交易和可疑交易报告管理办法,156
贷款,156
经营性物业,156
自助贷款,155
集团授信,155
招商银行固定资产管理办法（第五版）,154
内保外贷,154
信贷政策,153
进口代付,152
招商银行可视柜台业务操作规程（第三版）,150
招商银行商业汇票银行承兑业务操作规程,149
异地,149
商票保贴,145
应收账款质押,144
理财,142
招商银行C 集团账户业务管理办法,141
招商银行从业人员行为禁令,141
结算,141
出口保理,141
招商银行员工轻微违规行为积分管理办法,140
招商银行档案管理办法（第八版）,138
债券承销,137
差旅,137
行内银团,137
担保,135
保险,135
并购贷款,134
制度,132
招商银行员工行为管理规定（第二版）,132
国际贸易融资,132
招商银行零售银行负债及中间业务规范,131
投诉,131
交易管家,130
农民工,130
突发事件,129
定期存款,129
招商银行经营性物业抵押贷款管理办法,128
存单质押,128
招商银行零售金融个人信息管理办法（第四版）,127
招商银行国际结算业务管理办法（第二版）,126
个人账户,126
保密管理办法,126
飞单,125
预警,123
招商银行境内银团贷款操作规程（第二版）,123
数据安全,123
招商银行小企业抵押贷业务管理办法（第三版）,122
对公资金监管,122
律师,122
贸易融资,122
法人账户透支,120
企业网银,119
质押,118
招商银行公司客户委托贷款管理办法,115
招商银行外包管理办法（第二版）,115
招商银行同业活期存款业务操作规程,113
客户信息,113
票据,113
应急预案,112
C 集团,112
发票,112
项目贷款,111
收单,109
单位定期,109
国债,108
内保外债,108
支付密码,107
招商银行对公资金监管业务管理办法,107
分散采购,107
远期结售汇,106
考勤,106
招商银行信贷业务担保管理办法（第三版）,105
网银,105
招商银行个人负债业务运营操作规程,104
干部,103
不良资产,103
同业账户,102
铁三角,102
制度管理规定,101
招商银行现金自助设备可视柜台运营管理操作规程,101
招商银行会计综合业务基本规定（第二版）和招商银行会计综合业务操作规程（第二版）,101
招商银行集中运营对公国际结算及结售汇业务操作规程,101
回避,101
公司理财,100
招商银行集团资金余额管理业务操作规程,99
违规违纪,99
离岸,98
印章管理办法,97
定期,97
承贴通,97
公文,97
招商银行数据安全管理实施细则（第二版）,96
招商银行客户投诉管理办法（第五版）,96
C,96
聚合收款,96
吞卡,96
招商银行房地产开发贷款管理办法（第二版）,95
信用卡,95
重大事项,94
招商银行机构外汇账户外汇政策管理办法,94
保密管理,94
高风险,94
招商银行客户身份识别和客户身份资料及交易记录保存管理办法,93
招商银行他行托管产品银行结算账户管理办法,93
招商银行受益所有人身份识别指引,93
代理议付,93
招商银行押品管理办法,90
股票质押,90
机房,90
招商银行专业序列管理办法,89
银企直连,87
业务连续性,86
招商银行金融服务价格管理办法（第四版）,86
会计综合业务,86
招商银行跨境担保业务管理规定,85
请休假,85
招商银行公司授信业务核保管理办法,84
信息安全,84
对公智能通知,84
招商银行小企业高新贷业务管理办法（第二版）,83
招商银行零售信贷业务规范（2018版）,83
审计,83
第三方存管,82
出口代付,82
多级现金池,82
交易通,82
小企业抵押贷,82
招商银行商业汇票业务运营操作规程,81
网上企业银行,81
高新贷,81
休假,80
招商银行国际贸易融资业务管理办法（第三版）,80
柜网通,80
招商银行商业汇票贴现业务操作规程（第二版）,79
专业序列,79
金融服务价格,79
招商银行人民币单位结构性存款业务操作规程（第三版）,78
项目前期贷款,78
供应商,77
招商银行关于修订《招商银行个人外汇业务操作规程》有关条款的通知,76
债券,76
招商银行固定资产管理办法（第六版）,76
增值税发票,76
招商银行机构客户银期转账业务操作规程,76
招商银行营业用房租赁装修管理办法,75
信息科技外包,75
扣划,75
流动资金,75
房地产开发,75
协定,75
招商银行总行房地产战略客户供应链融资业务操作规程,74
合规,74
网路经营服务中心内控管理办法,74
招商银行员工异常行为管理办法（第三版）,73
招商银行人民币单位大额存单业务操作规程（第二版）,73
招商银行统一授信管理办法（第二版）,73
营业费用,72
招商银行法律、合规审查工作管理办法（第四版）,72
异常行为,72
个人信息,72
集团,72
个人外汇业务操作规程,72
上门服务,72
律师聘用,72
招商银行集中采购管理办法（第四版）,71
重要物品,71
房地产供应链,71
招商银行员工异常行为管理办法（第二版）,70
招商银行集团客户授信管理办法（第四版）,70
问责管理办法,70
开放式基金,70
招商银行办公室关于对《招商银行运营基本规定、会计综合业务操作规程（2016版）》进行修订和补充的通知,69
受益人,69
产品创新,69
招商银行C集团账户业务管理办法,68
小企业,68
卖方保理,68
招商银行外汇业务机构客户分类管理办法,67
招商银行项目前期贷款管理办法,67
国药,67
享定存,67
电子单证,67
支付密码器,66
招商银行新版验印系统操作规程,66
招商银行流动资金贷款用途管理指引（第三版）,66
招商银行授信与投融资业务经营主责任人管理办法（第四版）,65
云证,65
电子商业汇票,65
离职,65
反洗钱管理办法,65
减免,65
招商银行托管资产账户管理办法（第五版）,64
招商银行关于发布国内信用证业务管理办法（第三版）,64
交流,64
招商银行对公表内外融资业务保证金操作规程,63
招商银行结构性存款业务管理办法（第二版）,63
招商银行客户投诉管理办法（第四版）,63
招商银行小企业政采贷业务管理办法（第二版）,63
私募基金募集,63
招赢通,62
招商银行从事资产业务人员离行尽职调查管理办法（第二版）,62
单位基本情况表,62
项目融资,62
无纸化,62
FTN,62
联动支付,62
对公代销,62
招商银行反洗钱与制裁合规政策,61
招商银行供应链金融业务管理办法（第二版）,61
应收应付,61
银行承兑汇票,61
招商银行对公代销业务系统操作规程,60
招商银行计算机运行管理规定（第四版）,60
押品管理,60
同业活期,60
商业承兑汇票,60
招商银行零售代收业务管理办法,59
一卡通,59
招商银行公司理财业务操作规程,59
黑名单,59
房地产开发贷款,59
提货权,58
招商银行保密管理办法,57
验印,57
资金余额管理,57
金融科技,57
存单,57
积分,56
合作,56
单位定期存款,56
招商银行不良资产问责管理办法（第三版）,55
信访,55
银企对账,55
财务顾问,55
外包管理办法,55
国际收支,55
冻结,54
运营操作规程,53
查询,53
汇出汇款,53
数据质量,53
结构性,53
委托收款,53
分类,53
招商银行运营主管服务指导手册和运营柜员服务指导手册,52
招商银行银期转账业务管理规程,52
议付,52
内部退岗,52
农民工工资,52
记账宝,52
招商银行消费者权益保护工作管理办法,51
招商银行证券公司客户交易结算资金单位客户第三方存管业务操作规程,51
同业活期存款,51
联名卡,51
抵押贷,51
CBS,51
招商银行反洗钱信息管理办法,50
统一授信,50
国际福费廷,50
数据,50
自营非标,49
员工行为管理,49
私募基金,49
华为,49
双录,49
招商银行关于修订《招商银行国内保函业务操作规程》有关条款的通知,48
押品管理办法,48
资产,48
招商银行客户洗钱风险评估及分类管理指引,48
员工异常行为,48
招商银行零售银行客户投诉退费及补偿管理办法,48
小企业抵押,48
审贷官,48
招商银行单位客户受益所有人身份识别指引,47
招商银行固定资产贷款用途管理指引（第三版）,47
支付结算,47
招商银行代理保险业务管理办法,47
代发协议,47
对外担保,47
电子印章,47
资本金,46
招商银行享定存、招阳系列产品管理办法,46
收款通,46
客户身份识别和客户身份资料及交易记录保存管理办法,46
风险评估,46
招商银行产品创新工作管理办法（第三版）,45
招商银行国内信用证代理议付业务操作规程,45
招商银行办公室关于第四次修订《招商银行会计综合业务操作规程（2016版）相关条款的通知》,45
虚拟现金池,45
进口保理,45
一事通,44
招商银行个人投资风险承受能力评估办法（第三版）,44
招商银行集中运营机构直接投资外汇登记业务操作规程,44
小程序,44
担保公司,44
抵押,44
不良资产问责,44
代理销售,44
发票云,44
受托支付,44
制度引擎,43
租赁,43
修订,43
资产证券化,42
招商银行营业及办公场所环境安全管理办法（第二版）,42
招商银行零售业务录音录像管理办法,42
2020,42
企业银行管理办法,42
信贷,42
法人透支,42
三方,42
一户百币,41
传输易,41
保贴,41
审批,40
招商银行反洗钱监测分析工作指引（第二版）,39
智付通,39
招商银行关于对《招商银行人民币单位协定存款业务管理办法（第四版）》补充修订的通知,39
企业数字证书,39
即期结售汇,39
岗位,39
招商银行人民币单位定期存款业务管理办法,38
招商银行营业费用管理办法（第三版）,38
序列,38
招商银行基金系统对公代销业务操作规程,38
分离式保函,38
VTM,38
招商银行国内信用证无追索权议付业务操作规程,37
招商银行机构客户衍生产品交易业务管理规程,37
招商银行机构直接投资外汇登记业务管理办法（第二版）,37
手机银行,37
总行发文,36
招商银行不良资产转让管理办法（第二版）,36
招商银行关于印发员工违规违纪行为处理办法的通知,36
黄金,36
行为禁令,36
商务卡,36
国内卖方保理,36
头寸,36
招商银行网上“企业银行”业务操作规程,35
招商银行关于印发商业汇票业务运营操作规程的通知,35
招商银行员工行为管理规定,35
要害岗位,35
跨境,35
网银互联,35
托管资产账户,35
同业客户号,35
安全,35
云账单,34
招商银行股份有限公司关联交易管理办法（第五版）,34
押运,34
装修,34
申报,34
合同,34
票据大管家,34
电子支付,34
薪酬,34
代收,33
安全保卫,33
联动代发,33
保安,33
招商银行支付密码系统操作规程（第三版）,28
招商银行员工请休假管理办法（第三版）,27
生命周期,27
招商银行“飞单”等销售违规行为处理办法,26
招商银行重大事项报告制度（第二版）,26
存款证明,26
汇入汇款,25
招商银行并购金融业务管理办法（第三版）,24
招商银行国内信用证业务管理办法（第二版）,23
招商银行运营柜面服务管理办法,23
招商银行办公室关于修订《招商银行大额交易和可疑交易报告管理办法》部分条款的通知,22
招商银行对公智能定期存款业务操作规程（第三版）,21
招商银行资产重组管理办法,21
招商银行国内卖方保理业务管理办法,21
招商银行银团贷款管理办法（第二版）,21
招商银行关于印发网上“企业银行”管理办法的通知,20
招商银行旅游服务质量保证金账户管理办法,20
员工个人合规档案,20
他行托管,20
展期,19
招商银行零售结构性存款业务实施细则,19
招商银行关于对《招商银行人民币单位大额存单业务操作规程（第二版）》进行补充修订的通知,19
印控机,19
上门核实,19
个人负债,19
授信政策,19
商密二级,19
服务,19
信用卡套现,18
招商银行关于印发网上,18
商密一级,18
第三次,18
一次性金融服务,17
招商银行押品估值管理办法（第二版）,17
招商银行小企业结算流量贷业务管理办法,17
客户投诉,17
信用风险,16
招商银行对公表内外融资类业务保证金操作规程,16
招商银行集团协议转账业务管理办法,16
招商银行项目融资业务管理办法（第二版）,15
招商银行零售金融客户资料管理办法（第三版）,15
通用收费,15
零售金融客户资料,15
加强型尽职调查,15
招商银行内退及转任非领导职务人员管理办法,14
账户管理,14
招商银行外汇政策管理办法,14
招银制2020,14
招财金,14
个人合规档案,14
客户身份识别的基本原则,14
符合授信政策,14
招商银行商业汇票管理办法（第二版）,13
招商银行小企业政采贷业务管理办法（第三版）,13
招商银行供应链付款代理线上融资业务操作指引,13
招商银行融资担保公司授信管理办法（第二版）,13
招商银行跨境人民币结算业务操作规程,13
遗产,13
关于《招商银行会计综合业务基本规定（第二版）》和《招商银行会计综合业务操作规程（第二版）》的修订补充通知,13
违反反洗钱规章制度,13
销户,13
结算账户,13
他行托管产品,13
上门,13
实物贵金属,13
招商银行单位通知存款管理办法,12
招商银行出口代付业务操作规程,12
招商银行享定存、招阳系列存款产品管理办法,12
招商银行律师聘用管理办法（第三版）,12
招商银行法人房产按揭贷款管理办法（第二版）,12
招商银行公募类财富产品手续费及营销费用管理办法,12
信用风险管理,12
三反,12
授权手册,12
会计,12
通存通兑,12
2020 8,12
通融入账,12
冲正无纸化,12
凭证,12
关于进一步规范金融营销宣传行为的通知,12
招商银行国药控股国大药房有限公司跨分行开立银行承兑汇票业务操作规程,11
招商银行分行员工信用卡违规推广处理细则（第三版）,11
招商银行授权管理规定（第三版）,11
招商银行柜网通业务操作规程,11
招商银行运营风险管理办法,11
招银制,11
招商银行营业厅零售客户服务管理指引,11
招银制【2020】2号,11
招商银行理财产品质押授信管理办法（第二版）,11
招银制【2020】8号,11
招商银行非开户网上“企业银行”业务操作规程,11
作业指导书,11
代理日结,11
消费者权益保护,11
批量开户,11
经济制裁,11
私人银行,11
个人账户信息,11
交易,11
招商银行交易管家业务操作规程,10
招商银行跨境人民币政策指引,10
招商银行结构性存款管理办法（第三版）,10
招商银行金融服务价格管理办法（第三版）,10
中间业务减免,10
招商银行关于修订《招商银行协助查询、冻结、扣划客户存款管理办法（第二版）》有关条款的通知,10
招银制【2020】3号,10
招商银行关于印发企业数字证书运营操作规程的通知,10
信用风险管理系统,10
招商银行境内居民个人通过特殊目的公司境外投融资登记业务运营操作规程,10
招商银行柜面渠道即期对公代客外汇买卖业务操作规程（第二版）,10
招商银行外汇头寸管理办法（第二版）,10
运营基本规定,10
招商银行反洗钱和反恐怖融资监控名单管理及监测指引,10
招商银行关于印发网上企业银行管理办法的通知,10
招商银行个人账户外汇业务管理办法,10
继承,10
个人财产信息,10
内部账户,10
企业银行管理办法的通知,10
现金,10
保险客户信息,10
对公外汇,10
零售,10
小微,10
企业银行 管理办法,10
洗钱罪,10
债权限额,9
印控,9
招商银行员工离职管理办法（第二版）,9
招商银行商品提货权融资业务管理规定,9
运营主管,9
账户生命周期,9
招商银行地方国库现金管理定期存款业务管理办法,9
招商银行网上“企业银行”及银企直联供应链金融业务操作规程,9
招商银行关于印发网上“企业银行”,9
招商银行增值税操作规程,9
招银制20203号,9
招商银行知识产权质押授信业务管理办法（第二版）,9
招商银行对公资产业务铁三角作业管理办法（第二版）,9
信用风险管理系统冲正,9
招商银行内部控制基本规定（第三版）,9
招商银行“薪e卡”业务管理办法（第二版）,9
招商银行综合业务处理系统通用收费操作规程,9
中止非柜面,9
招商银行关于废止《洗钱高风险客户管理指引》的通知,9
运营管理,9
194,9
托管户,9
机构外汇,9
合作业务,9
入职操守审查表,9
双保理,9
现金自助设备,9
洗钱高风险,9
十项,9
招商银行关于修订《招商银行洗钱高风险客户管理工作指引》有关条款的通知,8
智能定期,8
招商银行同业客户号管理实施细则（第二版）,8
招商银行办公室关于修订《招商银行网上“企业银行”网银互联业务操作规程》有关条款的通知,8
招商银行小企业供应链自助贷业务管理办法（第二版）,8
招商银行C 账户-组合存款操作规程（第二版）,8
招商银行人民币SWIFT同业往来账户管理办法（第二版）,8
招商银行总行营业费用管理实施细则,8
招银制2020 2号,8
业务运营操作规程,8
招商银行关于印发,8
招商银行黄金账户业务操作规程,8
资产人员,8
重大事项报告,8
招商银行关于修订《招商银行商业汇票贴现业务操作规程（第二版）》有关条款的通知,8
招商银行信用评级统一管理制度,8
招商银行员工购房补贴管理规定,8
招商银行承贴通业务操作规程,8
招商银行离岸账户开销户操作规程,8
主管,8
招商银行联动支付业务操作规程（第二版）,8
招商银行资产管理业务经营主责任人管理实施细则,8
招商银行中小企业订单贷业务操作规程（第二版）,8
招商银行个人结售汇业务管理办法（第三版）,8
招商银行进口代付业务操作规程（第二版）,8
个人,8
2017 185,8
信保融资,8
洗钱,8
受托理财,8
洗钱风险评估,8
非居民,8
代理开证,8
关于进一步规范金融营销宣传,8
网上“企业银行”,8
261,8
洗钱罪的行为方式,8
关于加强有权机关,8
不良问责,8
伪冒,8
工程保,8
关于进一步规范金融,8
关于修订《招商银行证券公司客户交易结算资金第三方存管业务管理办法》有关条款的通知,8
企业银行基础服务,8
授信后,8
募集,8
项目前期,8
假币,8
回单,8
客户资料管理,8
股权激励,8